seed,candidate,comparator,delta_roc_auc_cv,delta_shap_stability,delta_top_5_jaccard
101,pareto_auc,tpe_best,1.5901317852451413e-05,0.03320158102766824,0.0
102,pareto_auc,tpe_best,0.00042651655845238334,0.010573122529644374,0.23333333333333328
103,pareto_auc,tpe_best,-0.0005400825738720583,0.02183794466403144,0.033333333333333326
104,pareto_auc,tpe_best,-0.00018905056331097736,0.02371541501976293,-0.09047619047619049
105,pareto_auc,tpe_best,0.00018894038129235735,0.028557312252964207,-0.06666666666666676
106,pareto_auc,tpe_best,-0.0005416257203508801,0.008992094861659972,-0.023809523809523836
107,pareto_auc,tpe_best,-3.296076436953843e-05,0.020750988142292592,0.09999999999999998
108,pareto_auc,tpe_best,-0.00015958899992896125,0.027766798418972116,0.06666666666666665
109,pareto_auc,tpe_best,-0.0001510419201816715,0.023814229249011554,-0.09999999999999987
110,pareto_auc,tpe_best,0.0004962097599513493,0.025197628458498156,0.0
101,pareto_auc,xgb_default,0.013161665894302454,0.02727272727272756,-0.033333333333333326
102,pareto_auc,xgb_default,0.011587401625883453,0.12865612648221347,0.1333333333333332
103,pareto_auc,xgb_default,0.013193918834264906,0.06561264822134372,-0.09999999999999987
104,pareto_auc,xgb_default,0.014317184732302368,0.06610671936758883,-0.09047619047619049
105,pareto_auc,xgb_default,0.01362384329318711,0.11057312252964424,-0.06666666666666676
106,pareto_auc,xgb_default,0.012203197430739166,0.099209486166008,-0.08095238095238089
107,pareto_auc,xgb_default,0.013296422893288917,0.11393280632411062,0.06666666666666654
108,pareto_auc,xgb_default,0.013598123406322493,0.10217391304347812,0.06666666666666665
109,pareto_auc,xgb_default,0.011804493704695607,0.0934782608695649,-0.033333333333333326
110,pareto_auc,xgb_default,0.011068798839781846,0.1562252964426879,0.06666666666666676
101,pareto_stability,tpe_best,-0.009861784309581179,0.07118453102155586,0.23333333333333328
102,pareto_stability,tpe_best,-0.010664403224495134,0.0644861714313042,0.10000000000000009
103,pareto_stability,tpe_best,-0.010580505349475855,0.07240127298729482,0.1333333333333332
104,pareto_stability,tpe_best,-0.010277027432363917,0.07938965645834695,0.0
105,pareto_stability,tpe_best,-0.010938778215663802,0.04717891654124495,-0.06666666666666676
106,pareto_stability,tpe_best,-0.011474826711777464,0.025529570956796976,0.19047619047619035
107,pareto_stability,tpe_best,-0.010888373417407338,0.04518660752529857,0.2333333333333334
108,pareto_stability,tpe_best,-0.010487623682670089,0.05708538484917636,0.1333333333333332
109,pareto_stability,tpe_best,-0.01133378036796684,0.059887263303968985,0.13333333333333341
110,pareto_stability,tpe_best,-0.01101097114691374,0.08880365354048836,-0.033333333333333326
101,pareto_stability,xgb_default,0.0032839802668688245,0.06525567726661519,0.19999999999999996
102,pareto_stability,xgb_default,0.0004964818429359363,0.1825691753838733,0.0
103,pareto_stability,xgb_default,0.0031534960586611094,0.1161759765446071,0.0
104,pareto_stability,xgb_default,0.004229207863249429,0.12178096080617284,0.0
105,pareto_stability,xgb_default,0.0024961246962309502,0.129194726817925,-0.06666666666666676
106,pareto_stability,xgb_default,0.0012699964393125818,0.115746962261145,0.1333333333333333
107,pareto_stability,xgb_default,0.002441010240251118,0.1383684257071166,0.19999999999999996
108,pareto_stability,xgb_default,0.003270088723581366,0.13149249947368236,0.1333333333333332
109,pareto_stability,xgb_default,0.000621755256910439,0.12955129492452233,0.19999999999999996
110,pareto_stability,xgb_default,-0.0004383820670832428,0.2198313215246781,0.03333333333333344
101,pareto_balanced,tpe_best,-0.00015777253677384806,0.04436758893280646,-0.11428571428571421
102,pareto_balanced,tpe_best,0.0002940167026723728,0.02243083003952584,-0.033333333333333326
103,pareto_balanced,tpe_best,-0.0005425568874966036,0.0493083003952568,-1.1102230246251565e-16
104,pareto_balanced,tpe_best,-0.00024967609287784853,0.04239130434782601,-0.080952380952381
105,pareto_balanced,tpe_best,-0.000452768745450971,0.030533596837944543,-0.033333333333333326
106,pareto_balanced,tpe_best,-0.0010684396658557915,0.01521739130434785,0.0
107,pareto_balanced,tpe_best,-0.000369930517034045,0.026284584980237224,-0.09047619047619038
108,pareto_balanced,tpe_best,-0.0009198096515156129,0.04456521739130437,0.0
109,pareto_balanced,tpe_best,-0.0008933511711650688,0.03804347826086962,-0.18095238095238086
110,pareto_balanced,tpe_best,-0.00029061105805539,0.0499011857707512,-0.14761904761904765
101,pareto_balanced,xgb_default,0.012987992039676155,0.03843873517786578,-0.14761904761904754
102,pareto_balanced,xgb_default,0.011454901770103443,0.14051383399209494,-0.13333333333333341
103,pareto_balanced,xgb_default,0.01319144452064036,0.09308300395256908,-0.1333333333333333
104,pareto_balanced,xgb_default,0.014256559202735497,0.0847826086956519,-0.080952380952381
105,pareto_balanced,xgb_default,0.012982134166443782,0.11254940711462458,-0.033333333333333326
106,pareto_balanced,xgb_default,0.011676383485234254,0.10543478260869588,-0.05714285714285705
107,pareto_balanced,xgb_default,0.01295945314062441,0.11946640316205526,-0.12380952380952381
108,pareto_balanced,xgb_default,0.012837902754735842,0.11897233201581037,0.0
109,pareto_balanced,xgb_default,0.01106218445371221,0.10770750988142297,-0.11428571428571432
110,pareto_balanced,xgb_default,0.010281978021775107,0.18092885375494094,-0.08095238095238089
