trial,state,roc_auc_cv,shap_stability,top_5_jaccard,fold_roc_auc,duration_seconds,n_model_fits,failure_type,failure_message,param_n_estimators,param_max_depth,param_learning_rate,param_min_child_weight,param_subsample,param_colsample_bytree,param_gamma,param_reg_alpha,param_reg_lambda
0,COMPLETE,0.7575437152790145,0.9511857707509881,0.8,"[0.7516108379156352, 0.7662774968982503, 0.7514173958638422, 0.7601375958596739, 0.7582752498576708]",14.422882,5,,,450,10,0.1205712628744377,9,0.55,0.55,0.5,2.1423021757741068,1.0129197956845732
1,COMPLETE,0.7716461445286811,0.8784584980237155,0.44642857142857134,"[0.7635754550536498, 0.7794002103783545, 0.7673531925069574, 0.7729261072882421, 0.7749757574162013]",5.814401,5,,,750,2,0.2708160864249968,13,0.6,0.6,1.5,0.0033205591037519565,0.4205156450913872
2,COMPLETE,0.7844220383665464,0.8142292490118577,0.6523809523809524,"[0.773884845156756, 0.7940230977101251, 0.7816620759330379, 0.7849409950867633, 0.7875991779460499]",6.254932,5,,,500,4,0.08012737503998542,3,0.65,0.7,4.5,0.8431013932082461,0.009962513222055111
3,COMPLETE,0.779148320260392,0.9516798418972332,0.8,"[0.7641911396848057, 0.7821056826031152, 0.77915513498512, 0.7840164037827206, 0.7862732402461994]",3.896788,5,,,550,7,0.011711509955524094,10,0.55,0.5,9.5,6.732248920775331,11.015056790269638
4,COMPLETE,0.7835726611746135,0.8042490118577076,0.6523809523809524,"[0.7719431127708662, 0.7914160087883595, 0.779287317399045, 0.7865088101498542, 0.7887080567649425]",2.962028,5,,,350,2,0.1024932221692416,7,0.55,0.75,0.0,3.5204810455260365,0.01967432802530612
5,COMPLETE,0.7806202358059866,0.9280632411067193,0.5476190476190477,"[0.7668743830461282, 0.7841099851231272, 0.7802837588948892, 0.7853072390987903, 0.7865258128669982]",2.826051,5,,,700,4,0.05864129169696527,9,0.6,1.0,8.0,4.9830438374949075,29.79454462591363
6,COMPLETE,0.7872815652547602,0.9112648221343873,0.7333333333333333,"[0.7761030661835594, 0.7947213858955391, 0.7847221536628789, 0.7890821165421082, 0.7917791039897151]",6.48816,5,,,650,10,0.01351182947645082,3,0.5,0.65,4.0,0.002273762810253686,13.921548533046511
7,COMPLETE,0.7817476754822545,0.9371541501976285,0.6761904761904762,"[0.7675611451542038, 0.7867014315113623, 0.7802843073696358, 0.7851145873440549, 0.7890769060320155]",2.624666,5,,,400,4,0.06333268775321842,3,0.9,0.5,10.0,0.7264803074826727,0.009853225172032555
8,COMPLETE,0.7857043203968849,0.9237154150197628,0.6857142857142857,"[0.7735112081497051, 0.7924681749911017, 0.7853478262300368, 0.7878085581805556, 0.7893858344330252]",1.986222,5,,,100,9,0.11069143219393454,11,0.9,0.5,3.5,0.00037961668958008145,20.67840939783948
9,COMPLETE,0.7830365661079507,0.9296442687747035,0.6380952380952382,"[0.7697790917505943, 0.7882042124519506, 0.7809960904720064, 0.7872529532622728, 0.7889504826029295]",3.363647,5,,,650,4,0.012413189635294229,5,0.65,0.9,6.5,2.7293781650374753,0.22965432344634354
10,COMPLETE,0.7848463893691598,0.8883399209486166,0.6523809523809525,"[0.7747460077921772, 0.7923544235849888, 0.782219052038187, 0.7858905419917751, 0.7890219214386711]",1.237178,5,,,200,8,0.13297554090738672,9,0.9,0.75,5.0,0.013731092468240296,0.001339971723117972
11,COMPLETE,0.7829105061314544,0.8681818181818182,0.7333333333333333,"[0.7708757156802128, 0.7891062652188815, 0.7783599837212696, 0.7877356110392609, 0.7884749549976471]",3.51546,5,,,200,2,0.08710745900492396,5,0.75,0.95,2.5,0.011269758643814657,5.994537656798815
12,COMPLETE,0.7766021740661414,0.944263878559442,0.5714285714285714,"[0.7624797916304762, 0.7797995066290039, 0.7763558569972762, 0.7812928153099046, 0.7830828997640461]",1.361597,5,,,300,2,0.02679156169946617,3,1.0,0.9,6.5,2.276685024868622,10.431827200054899
13,COMPLETE,0.7808021165632579,0.8582015810276682,0.7666666666666667,"[0.7723665588978436, 0.7888006869542094, 0.7787057970489866, 0.7815872091301301, 0.7825503307851197]",5.498495,5,,,250,10,0.06261435181296006,13,0.95,0.65,1.0,0.001379354235277248,0.13662775841358915
14,COMPLETE,0.7873573028626399,0.9063241106719369,0.7333333333333333,"[0.7774909979963835, 0.795429690791021, 0.785794558911124, 0.7878791743041776, 0.7901920923104939]",12.59543,5,,,850,9,0.010239273411172712,8,0.7,0.6,1.0,0.00487613652796118,51.82609891091995
15,COMPLETE,0.7821405955134508,0.8939723320158104,0.6523809523809525,"[0.7723192196516326, 0.7887142413741719, 0.7804066172381225, 0.782184772366526, 0.7870781269368015]",1.45772,5,,,400,6,0.10925573591447926,6,1.0,1.0,2.5,0.030636738485558444,0.03194416563600364
16,COMPLETE,0.7719646302109631,0.883201581027668,0.8666666666666666,"[0.7658603626707678, 0.7803324504906954, 0.7692614732689863, 0.7700799347095661, 0.7742889299147999]",10.163761,5,,,700,10,0.06261435181296006,9,0.6,1.0,1.0,4.9830438374949075,0.13662775841358915
17,COMPLETE,0.7711966044607215,0.9295454545454545,0.8,"[0.7649607797775522, 0.7849601705420357, 0.7603072116750529, 0.7708687785138308, 0.774886081795136]",7.749829,5,,,850,4,0.08710745900492396,5,0.75,0.95,1.0,0.00487613652796118,5.994537656798815
18,COMPLETE,0.7775251974154165,0.96246170276382,0.7666666666666667,"[0.7624154376986705, 0.7794398655730066, 0.779340108093403, 0.7816910079759197, 0.7847395677360827]",1.548721,5,,,100,9,0.011711509955524094,10,0.9,0.5,9.5,6.732248920775331,11.015056790269638
19,COMPLETE,0.782687561380301,0.8822134387351779,0.7666666666666666,"[0.771062053930516, 0.7895774622376892, 0.7786525949985685, 0.7867410892050297, 0.7874046065297015]",2.719556,5,,,200,2,0.08710745900492396,5,0.75,0.95,2.5,0.011269758643814657,1.1164047352793702
20,COMPLETE,0.7833655675420943,0.8302371541501976,0.6952380952380952,"[0.7708496447909953, 0.7912191049671631, 0.7798621189334578, 0.7868798533159138, 0.7880171157029418]",2.711699,5,,,500,2,0.08012737503998542,5,0.65,0.7,4.5,0.8431013932082461,0.009962513222055111
21,COMPLETE,0.7851203312868474,0.8188735177865614,0.8666666666666668,"[0.7759986454114824, 0.7934850768857966, 0.7833464418797765, 0.7856608681916458, 0.7871106240655361]",3.807868,5,,,650,4,0.05527361503993264,8,0.7,0.6,1.0,2.7293781650374753,51.82609891091995
22,COMPLETE,0.7855278634129366,0.9502964426877469,0.6285714285714286,"[0.7724332454881582, 0.791506845255002, 0.7845791388727089, 0.7885169133157602, 0.7906031741330535]",5.375125,5,,,550,7,0.010239273411172712,10,0.7,0.5,1.0,6.732248920775331,51.82609891091995
23,COMPLETE,0.7819216958525887,0.8164031620553361,0.6857142857142857,"[0.7766819771393977, 0.7897854804906048, 0.7781423763655649, 0.7809564631715661, 0.7840421820958099]",3.250076,5,,,250,10,0.06261435181296006,13,0.95,0.9,1.0,2.7293781650374753,0.22965432344634354
24,COMPLETE,0.7847143378491077,0.9260869565217391,0.7,"[0.7725974920902294, 0.792119511151617, 0.7823457497046463, 0.7871721903558395, 0.7893367459432066]",1.714085,5,,,700,4,0.11069143219393454,11,0.9,0.5,2.5,4.9830438374949075,29.79454462591363
25,COMPLETE,0.7816698671264798,0.9140316205533597,0.5476190476190477,"[0.7703198568790511, 0.7856458349284601, 0.7800388649205424, 0.7854758950833627, 0.7868688838209823]",2.027102,5,,,650,4,0.11069143219393454,5,0.9,0.9,6.5,2.7293781650374753,20.67840939783948
26,COMPLETE,0.785611001542621,0.9173913043478261,0.6285714285714286,"[0.7739885798528011, 0.7918251845338703, 0.7846378256705926, 0.7871857651058173, 0.7904176525500236]",2.698332,5,,,450,10,0.1205712628744377,11,0.9,0.5,3.5,2.1423021757741068,20.67840939783948
27,COMPLETE,0.7834877364293428,0.9104743083003953,0.6190476190476191,"[0.7710529977268928, 0.7888440469594346, 0.7815654072589536, 0.7882805206999853, 0.7876957095014475]",14.61176,5,,,700,8,0.05864129169696527,14,0.6,0.75,5.0,4.9830438374949075,29.79454462591363
28,COMPLETE,0.7832765734040071,0.8049407114624506,0.7666666666666667,"[0.7725019903065689, 0.7932412454640084, 0.7809166987524394, 0.7810771276158133, 0.7886458048812057]",2.698884,5,,,500,4,0.08012737503998542,3,0.65,0.7,4.5,0.0015769192447197536,0.009962513222055111
29,COMPLETE,0.7829958263339817,0.8661067193675891,0.5952380952380952,"[0.7711996807825438, 0.7907668436468398, 0.7821784649069403, 0.784545544794481, 0.7862885975391035]",0.825144,5,,,100,6,0.11069143219393454,6,1.0,1.0,3.5,0.030636738485558444,0.03194416563600364
30,COMPLETE,0.7857436301270481,0.9238142292490117,0.6523809523809525,"[0.7746728720871613, 0.7921680853346857, 0.7843623542291243, 0.7867608342959065, 0.7907540046883621]",0.923838,5,,,100,9,0.11069143219393454,13,0.95,0.5,3.5,0.0005302422876684355,20.67840939783948
31,COMPLETE,0.7761953582170171,0.9377297273102385,0.6523809523809525,"[0.7619782700510523, 0.778460423429661, 0.7759883789170695, 0.7821022269171661, 0.7824474917701364]",1.171999,5,,,300,2,0.02679156169946617,7,1.0,0.9,5.0,3.5204810455260365,84.77196898302783
32,COMPLETE,0.7843624698542477,0.8852766798418973,0.7,"[0.7752509597517612, 0.7914578594263143, 0.7814042928021464, 0.7848872445615986, 0.7888119927294187]",3.722816,5,,,100,9,0.11069143219393454,10,0.9,0.5,2.5,0.22944454507601977,6.428328717564121
33,COMPLETE,0.7840826580567434,0.7998023715415019,0.7,"[0.773323497747338, 0.7935276135997833, 0.7798470358779271, 0.7842485457192094, 0.7894665973394587]",4.926665,5,,,400,4,0.06333268775321842,3,0.9,0.5,2.0,0.7264803074826727,0.009853225172032555
34,COMPLETE,0.7825162715264666,0.9294466403162056,0.5904761904761904,"[0.7684821336196191, 0.787080694341876, 0.7815807645518577, 0.787661155592413, 0.7877766095265675]",2.246893,5,,,700,4,0.05864129169696527,5,0.6,1.0,8.0,0.00487613652796118,29.79454462591363
35,COMPLETE,0.7860614683389685,0.8868577075098815,0.7,"[0.7760488661770278, 0.7936954277972211, 0.7851599736293343, 0.7872100351133533, 0.7881930389779064]",1.463346,5,,,100,7,0.11069143219393454,10,0.7,0.5,1.0,6.732248920775331,20.67840939783948
36,COMPLETE,0.7789992544735396,0.9395256916996049,0.5714285714285714,"[0.7654332117332174, 0.7819068577690289, 0.7788297523417128, 0.7828879169916381, 0.7859385335321005]",6.803124,5,,,750,7,0.011711509955524094,6,0.6,1.0,9.5,6.732248920775331,29.79454462591363
37,COMPLETE,0.7857436301270481,0.9238142292490117,0.6523809523809525,"[0.7746728720871613, 0.7921680853346857, 0.7843623542291243, 0.7867608342959065, 0.7907540046883621]",1.271087,5,,,100,9,0.11069143219393454,13,0.95,0.5,3.5,0.0005302422876684355,20.67840939783948
38,COMPLETE,0.785427871222666,0.9305335968379447,0.6047619047619048,"[0.7729380602325359, 0.7927191416036231, 0.7848662654025421, 0.7873285056586139, 0.7892873832160147]",1.965749,5,,,400,7,0.06333268775321842,3,0.9,0.8,5.5,0.0002827801042638617,15.01455544253768
39,COMPLETE,0.7845329822736209,0.8514822134387352,0.7333333333333333,"[0.7778743772830896, 0.7934532429579098, 0.7810422994694055, 0.7835259302405939, 0.7867690614171052]",11.444243,5,,,450,9,0.029773579612263783,3,0.55,0.55,0.5,2.1423021757741068,20.67840939783948
40,COMPLETE,0.7848700675269155,0.9384387351778656,0.6190476190476191,"[0.7722772317984714, 0.7913959753682239, 0.7826937569313496, 0.7883504512301739, 0.7896329223063582]",4.527091,5,,,700,4,0.010239273411172712,8,0.9,0.6,0.0,0.00487613652796118,29.79454462591363
41,COMPLETE,0.7829660440453117,0.9362648221343873,0.6952380952380952,"[0.7699519829106694, 0.7885049881843985, 0.7809611252069122, 0.7868195210937903, 0.7885926028307878]",3.608474,5,,,650,4,0.010239273411172712,10,0.65,0.9,6.0,2.7293781650374753,0.22965432344634354
42,COMPLETE,0.7807075750594746,0.9401185770750988,0.6857142857142857,"[0.7670697775000542, 0.7848512216681471, 0.7797014158327109, 0.7851119820890086, 0.7868034782074529]",3.956377,5,,,650,4,0.012413189635294229,5,0.6,0.9,6.5,4.9830438374949075,29.79454462591363
43,COMPLETE,0.7829169422186968,0.9338932806324112,0.5714285714285714,"[0.7704242776511282, 0.7885226889460253, 0.7806982686846151, 0.7862359439634321, 0.7887035318482831]",6.305864,5,,,650,4,0.012413189635294229,5,0.8500000000000001,0.9,6.5,0.00012104285107995026,0.009853225172032555
44,COMPLETE,0.7877211707773195,0.933498023715415,0.7333333333333333,"[0.777560977751652, 0.7954291419301953, 0.7861802737766544, 0.7886052177499591, 0.7908302426781363]",13.68091,5,,,550,9,0.010239273411172712,10,0.75,0.5,1.0,0.00037961668958008145,20.67840939783948
45,COMPLETE,0.7792478986950199,0.9663043478260869,0.7666666666666667,"[0.7650402273820629, 0.783031199170342, 0.7827778106862625, 0.7806761925760652, 0.7847140636603669]",2.477356,5,,,100,9,0.010239273411172712,8,0.9,0.6,3.5,0.00487613652796118,51.82609891091995
46,COMPLETE,0.7819957029773905,0.9333992094861661,0.6380952380952382,"[0.7681223553484156, 0.7865813682057547, 0.7817481864682504, 0.7856892517597812, 0.787837353104751]",6.129594,5,,,850,9,0.010239273411172712,8,1.0,0.6,6.5,2.276685024868622,51.82609891091995
47,COMPLETE,0.7820267092342769,0.9201581027667984,0.6047619047619048,"[0.7692863519443807, 0.7861260881508907, 0.7836720987605568, 0.782879826989126, 0.7881691803264301]",6.100045,5,,,250,9,0.010239273411172712,7,1.0,0.9,1.0,3.5204810455260365,84.77196898302783
48,COMPLETE,0.7770912627690365,0.9609647352454218,0.7666666666666667,"[0.7619952847366469, 0.7790173799524741, 0.7793082965581015, 0.7811485664515548, 0.7839867861464055]",1.957663,5,,,100,9,0.011711509955524094,10,0.9,0.5,9.5,6.732248920775331,20.67840939783948
49,COMPLETE,0.7739928250454972,0.9199604743083002,0.8666666666666668,"[0.7685950617344934, 0.782010592465074, 0.7695128118216052, 0.7750706435473591, 0.774775015658954]",8.532734,5,,,450,9,0.11069143219393454,11,0.7,0.55,0.5,4.826695968786644,20.67840939783948
50,COMPLETE,0.7792478986950199,0.9663043478260869,0.7666666666666667,"[0.7650402273820629, 0.783031199170342, 0.7827778106862625, 0.7806761925760652, 0.7847140636603669]",4.785392,5,,,100,9,0.010239273411172712,8,0.9,0.6,3.5,0.00487613652796118,51.82609891091995
51,COMPLETE,0.7699536209507746,0.934002641486266,0.6047619047619047,"[0.755232907719206, 0.7703029794086628, 0.7760130602806655, 0.7740754361196948, 0.7741437212256436]",1.814986,5,,,100,3,0.010239273411172712,8,0.65,0.9,1.0,2.276685024868622,10.431827200054899
52,COMPLETE,0.7777276654829045,0.9034584980237155,0.8666666666666668,"[0.7721267067170411, 0.7860930192861462, 0.7721468617920424, 0.7783200821834559, 0.7799516574358367]",7.578409,5,,,550,7,0.06333268775321842,10,0.75,0.5,1.0,0.0002827801042638617,20.67840939783948
53,COMPLETE,0.7805338705303931,0.9696640316205534,0.7666666666666667,"[0.766546301487605, 0.7845766540401233, 0.782843216299792, 0.7822751335810245, 0.7864280472434209]",1.953864,5,,,100,9,0.010239273411172712,10,0.9,0.5,1.0,6.732248920775331,20.67840939783948
54,COMPLETE,0.7871929337765136,0.8992094861660078,0.7666666666666667,"[0.7782879439152054, 0.7945003321980147, 0.7846715568675071, 0.7874669955321246, 0.7910378403697159]",20.435386,5,,,850,9,0.010239273411172712,13,0.95,0.6,1.0,0.0005302422876684355,51.82609891091995
55,COMPLETE,0.7769029207070581,0.9071958718319737,0.5952380952380952,"[0.7645815169470385, 0.7805543274794581, 0.7759805631519308, 0.7818055020792678, 0.7815926938775958]",1.780493,5,,,650,2,0.2322119672134763,3,1.0,0.9,6.5,2.436109284179989,13.921548533046511
56,COMPLETE,0.7872699631678701,0.9414031620553359,0.5952380952380952,"[0.7763394879842017, 0.7946667742433885, 0.7864384682636056, 0.7879892806095529, 0.7909158047386022]",8.646457,5,,,400,9,0.010239273411172712,3,0.75,0.5,1.0,0.00037961668958008145,20.67840939783948
57,COMPLETE,0.7758425769952246,0.9735943419703901,0.7666666666666667,"[0.7605011483540625, 0.7766076064975242, 0.7789505539046466, 0.7807341937805157, 0.7824193824393744]",1.009849,5,,,100,4,0.010239273411172712,13,0.9,0.5,3.5,0.00487613652796118,20.67840939783948
58,COMPLETE,0.7814734163164286,0.8189723320158103,0.7333333333333333,"[0.7744459181357612, 0.7901880699062078, 0.7789199764375249, 0.7828024920498585, 0.7810106250527906]",2.100112,5,,,100,9,0.1205712628744377,11,0.55,0.55,0.5,0.00037961668958008145,20.67840939783948
59,COMPLETE,0.7803133266153139,0.9399209486166008,0.7666666666666667,"[0.7658067115250619, 0.7837410134330942, 0.7796942856610053, 0.7847680884229048, 0.7875565340345035]",5.363145,5,,,550,7,0.011711509955524094,10,0.9,0.5,9.5,6.732248920775331,11.015056790269638
60,COMPLETE,0.7638283698254987,0.9296442687747035,0.8666666666666668,"[0.7596884226865036, 0.7730965437959378, 0.7588752812304264, 0.7584104488827021, 0.769071152531924]",16.58195,5,,,450,10,0.09437923703573488,9,0.5,0.55,0.5,2.1423021757741068,1.0129197956845732
61,COMPLETE,0.7864973150228483,0.9501976284584981,0.5952380952380952,"[0.7742753596341951, 0.7931384712744082, 0.7856035525806285, 0.7886741884493411, 0.7907950031756688]",5.080284,5,,,550,9,0.010239273411172712,11,0.9,0.5,3.5,0.00037961668958008145,20.67840939783948
62,COMPLETE,0.7869091253308023,0.8906126482213441,0.7333333333333333,"[0.7781493565567326, 0.7942477190030164, 0.7849647166195526, 0.7871538164518291, 0.7900300180228802]",10.368289,5,,,650,9,0.012413189635294229,10,0.6,0.5,1.0,4.9830438374949075,0.5970408652384318
63,COMPLETE,0.7853452821902636,0.8586956521739131,0.7666666666666667,"[0.7780601666725668, 0.7937199893191682, 0.7820808364020495, 0.7859595126911572, 0.7869059058663762]",6.864873,5,,,550,7,0.06058402553512053,4,0.75,0.5,1.0,6.732248920775331,20.67840939783948
