seed,candidate,study_name,trial,source_role,sensitivity_fingerprint,candidate_params_sha256,folds_sha256,roc_auc_cv,shap_stability,top_5_jaccard,fold_roc_auc,duration_seconds,n_model_fits,n_reference
101,pareto_auc,xgb_auc_shap_nsgaii,44,auc,fd2c1e6fd34cdaf8f9bb2e1f268bb0c7b381662e8799ef226b4a8008c1615b4c,b34bb52e4defbca328d5c6fe32f419179b041466d6c78e28352f2f7cd19bbe3c,1a843adbbba0ccc50db2bf306e5c74d723860f697197da68c3dc077af7f56da8,0.786653844963701,0.9333003952569172,0.7666666666666667,"[0.7658462295045076, 0.795685871581386, 0.7931901923939716, 0.7910547059681731, 0.7874922253704673]",9.833227971997983,5,1000
101,pareto_balanced,xgb_auc_shap_nsgaii,61,balanced,fd2c1e6fd34cdaf8f9bb2e1f268bb0c7b381662e8799ef226b4a8008c1615b4c,6bd9a8a570a1433642bba13057bcbc299cf6f08027b3178894ebb02271d4738d,1a843adbbba0ccc50db2bf306e5c74d723860f697197da68c3dc077af7f56da8,0.7864801711090748,0.9444664031620554,0.6523809523809525,"[0.764967777753079, 0.79442486383449, 0.7936812144108447, 0.7915668442627897, 0.7877601552841702]",4.754406127001857,5,1000
101,pareto_stability,xgb_auc_shap_nsgaii,57,stability,fd2c1e6fd34cdaf8f9bb2e1f268bb0c7b381662e8799ef226b4a8008c1615b4c,ff7d06bc8cbd3e75576a696dea5ecc64cbc1552d3e1f79372d0043bec702fc74,1a843adbbba0ccc50db2bf306e5c74d723860f697197da68c3dc077af7f56da8,0.7767761593362674,0.9712833452508048,1.0,"[0.7565951802884319, 0.7843841411055319, 0.7818458149731412, 0.7804588594577341, 0.7805968008564981]",0.7530086429978837,5,1000
101,tpe_best,xgb_auc_tpe,50,auc_best_tpe,fd2c1e6fd34cdaf8f9bb2e1f268bb0c7b381662e8799ef226b4a8008c1615b4c,bf8120395f6baae6074145244a6c04a55490fc3b9514463506c71373c0c44ad8,1a843adbbba0ccc50db2bf306e5c74d723860f697197da68c3dc077af7f56da8,0.7866379436458486,0.900098814229249,0.7666666666666667,"[0.7659348705278477, 0.7948491332527057, 0.793256283600934, 0.7912573673870333, 0.787892063460722]",5.43441432799591,5,1000
101,xgb_default,baseline,-1,default,fd2c1e6fd34cdaf8f9bb2e1f268bb0c7b381662e8799ef226b4a8008c1615b4c,ce44e08a5ab02261c30b6a43f19ee9052462e787c55cc7103f46e40543f8cbc8,1a843adbbba0ccc50db2bf306e5c74d723860f697197da68c3dc077af7f56da8,0.7734921790693986,0.9060276679841897,0.8,"[0.7486999545268807, 0.789247734096689, 0.7828791413956928, 0.7751586737441849, 0.7714753915835453]",2.8003348400015966,5,1000
102,pareto_auc,xgb_auc_shap_nsgaii,44,auc,fd2c1e6fd34cdaf8f9bb2e1f268bb0c7b381662e8799ef226b4a8008c1615b4c,b34bb52e4defbca328d5c6fe32f419179b041466d6c78e28352f2f7cd19bbe3c,ba54b4b39ccfc86b108f43d425c10bb11d3fccf81fc7ef01086f3632eb2c32e4,0.7877454180930927,0.9190711462450594,1.0,"[0.7742520330491057, 0.782592384940247, 0.7925113177763956, 0.7881767218541957, 0.80119463284552]",9.592266091996862,5,1000
102,pareto_balanced,xgb_auc_shap_nsgaii,61,balanced,fd2c1e6fd34cdaf8f9bb2e1f268bb0c7b381662e8799ef226b4a8008c1615b4c,6bd9a8a570a1433642bba13057bcbc299cf6f08027b3178894ebb02271d4738d,ba54b4b39ccfc86b108f43d425c10bb11d3fccf81fc7ef01086f3632eb2c32e4,0.7876129182373127,0.9309288537549408,0.7333333333333334,"[0.7733959473763218, 0.7825565717713743, 0.7932412005454033, 0.789227050993891, 0.7996438204995728]",5.208813484998245,5,1000
102,pareto_stability,xgb_auc_shap_nsgaii,57,stability,fd2c1e6fd34cdaf8f9bb2e1f268bb0c7b381662e8799ef226b4a8008c1615b4c,ff7d06bc8cbd3e75576a696dea5ecc64cbc1552d3e1f79372d0043bec702fc74,ba54b4b39ccfc86b108f43d425c10bb11d3fccf81fc7ef01086f3632eb2c32e4,0.7766544983101452,0.9729841951467192,0.8666666666666668,"[0.7643198475484172, 0.7723046748397532, 0.7814092290748658, 0.7792793645152196, 0.7859593755724705]",0.805433017994801,5,1000
102,tpe_best,xgb_auc_tpe,50,auc_best_tpe,fd2c1e6fd34cdaf8f9bb2e1f268bb0c7b381662e8799ef226b4a8008c1615b4c,bf8120395f6baae6074145244a6c04a55490fc3b9514463506c71373c0c44ad8,ba54b4b39ccfc86b108f43d425c10bb11d3fccf81fc7ef01086f3632eb2c32e4,0.7873189015346403,0.908498023715415,0.7666666666666667,"[0.7747440867792874, 0.7827194462213813, 0.7914491964296488, 0.7879647363646435, 0.7997170418782408]",5.65056031900167,5,1000
102,xgb_default,baseline,-1,default,fd2c1e6fd34cdaf8f9bb2e1f268bb0c7b381662e8799ef226b4a8008c1615b4c,ce44e08a5ab02261c30b6a43f19ee9052462e787c55cc7103f46e40543f8cbc8,ba54b4b39ccfc86b108f43d425c10bb11d3fccf81fc7ef01086f3632eb2c32e4,0.7761580164672093,0.7904150197628459,0.8666666666666668,"[0.7616573236832623, 0.7751443435363816, 0.781214794777204, 0.7732268085680531, 0.7895468117711457]",3.957608330994845,5,1000
103,pareto_auc,xgb_auc_shap_nsgaii,44,auc,fd2c1e6fd34cdaf8f9bb2e1f268bb0c7b381662e8799ef226b4a8008c1615b4c,b34bb52e4defbca328d5c6fe32f419179b041466d6c78e28352f2f7cd19bbe3c,5aaa08498c744ddc7cf00e1ac0518dd4b93134486d4a7e498bc38d6bab692637,0.7863116714332824,0.9225296442687746,0.7666666666666667,"[0.7864489555315702, 0.7904290198086615, 0.7996904408530319, 0.7855318395075137, 0.7694581014656342]",9.659055945994623,5,1000
103,pareto_balanced,xgb_auc_shap_nsgaii,61,balanced,fd2c1e6fd34cdaf8f9bb2e1f268bb0c7b381662e8799ef226b4a8008c1615b4c,6bd9a8a570a1433642bba13057bcbc299cf6f08027b3178894ebb02271d4738d,5aaa08498c744ddc7cf00e1ac0518dd4b93134486d4a7e498bc38d6bab692637,0.7863091971196579,0.95,0.7333333333333333,"[0.7865883661812816, 0.7902457002928995, 0.7997439171408232, 0.7872271749491839, 0.7677408270341008]",5.499156142999709,5,1000
103,pareto_stability,xgb_auc_shap_nsgaii,57,stability,fd2c1e6fd34cdaf8f9bb2e1f268bb0c7b381662e8799ef226b4a8008c1615b4c,ff7d06bc8cbd3e75576a696dea5ecc64cbc1552d3e1f79372d0043bec702fc74,5aaa08498c744ddc7cf00e1ac0518dd4b93134486d4a7e498bc38d6bab692637,0.7762712486576786,0.973092972592038,0.8666666666666666,"[0.776441713312976, 0.7798501390401686, 0.7879449912737669, 0.7803421714553996, 0.7567772282060817]",0.7552709570009029,5,1000
103,tpe_best,xgb_auc_tpe,50,auc_best_tpe,fd2c1e6fd34cdaf8f9bb2e1f268bb0c7b381662e8799ef226b4a8008c1615b4c,bf8120395f6baae6074145244a6c04a55490fc3b9514463506c71373c0c44ad8,5aaa08498c744ddc7cf00e1ac0518dd4b93134486d4a7e498bc38d6bab692637,0.7868517540071545,0.9006916996047432,0.7333333333333334,"[0.7866491525177206, 0.7900302724188379, 0.8019592066422485, 0.7862692638042866, 0.7693508746526784]",5.212603854000918,5,1000
103,xgb_default,baseline,-1,default,fd2c1e6fd34cdaf8f9bb2e1f268bb0c7b381662e8799ef226b4a8008c1615b4c,ce44e08a5ab02261c30b6a43f19ee9052462e787c55cc7103f46e40543f8cbc8,5aaa08498c744ddc7cf00e1ac0518dd4b93134486d4a7e498bc38d6bab692637,0.7731177525990175,0.8569169960474309,0.8666666666666666,"[0.7772352288516378, 0.7744802219373634, 0.7850473991875992, 0.7697221920561113, 0.7591037209623757]",2.9361185259986087,5,1000
104,pareto_auc,xgb_auc_shap_nsgaii,44,auc,fd2c1e6fd34cdaf8f9bb2e1f268bb0c7b381662e8799ef226b4a8008c1615b4c,b34bb52e4defbca328d5c6fe32f419179b041466d6c78e28352f2f7cd19bbe3c,8cd60714126f65dd71ee25cd1a2cdf493ec7746f0a710d6d09ad9cd488842f8e,0.7872983091201198,0.9206521739130435,0.6761904761904762,"[0.7948435074292429, 0.7829129196624177, 0.7771349653747892, 0.7988197371928405, 0.7827804159413089]",11.193946031999076,5,1000
104,pareto_balanced,xgb_auc_shap_nsgaii,61,balanced,fd2c1e6fd34cdaf8f9bb2e1f268bb0c7b381662e8799ef226b4a8008c1615b4c,6bd9a8a570a1433642bba13057bcbc299cf6f08027b3178894ebb02271d4738d,8cd60714126f65dd71ee25cd1a2cdf493ec7746f0a710d6d09ad9cd488842f8e,0.7872376835905529,0.9393280632411066,0.6857142857142857,"[0.794434606114145, 0.7837710635632978, 0.7771473060565872, 0.7981453874919238, 0.7826900547268103]",5.567082911999023,5,1000
104,pareto_stability,xgb_auc_shap_nsgaii,57,stability,fd2c1e6fd34cdaf8f9bb2e1f268bb0c7b381662e8799ef226b4a8008c1615b4c,ff7d06bc8cbd3e75576a696dea5ecc64cbc1552d3e1f79372d0043bec702fc74,8cd60714126f65dd71ee25cd1a2cdf493ec7746f0a710d6d09ad9cd488842f8e,0.7772103322510668,0.9763264153516276,0.7666666666666667,"[0.7885085557797651, 0.7717711821172362, 0.7642796771458253, 0.7895373505817671, 0.7719548956307405]",0.9786939149998944,5,1000
104,tpe_best,xgb_auc_tpe,50,auc_best_tpe,fd2c1e6fd34cdaf8f9bb2e1f268bb0c7b381662e8799ef226b4a8008c1615b4c,bf8120395f6baae6074145244a6c04a55490fc3b9514463506c71373c0c44ad8,8cd60714126f65dd71ee25cd1a2cdf493ec7746f0a710d6d09ad9cd488842f8e,0.7874873596834308,0.8969367588932806,0.7666666666666667,"[0.793200492547705, 0.7841043592996646, 0.7781592419640222, 0.7985182132009095, 0.7834544914048523]",5.208203205998871,5,1000
104,xgb_default,baseline,-1,default,fd2c1e6fd34cdaf8f9bb2e1f268bb0c7b381662e8799ef226b4a8008c1615b4c,ce44e08a5ab02261c30b6a43f19ee9052462e787c55cc7103f46e40543f8cbc8,8cd60714126f65dd71ee25cd1a2cdf493ec7746f0a710d6d09ad9cd488842f8e,0.7729811243878174,0.8545454545454547,0.7666666666666667,"[0.7800854631191596, 0.7651748354995498, 0.7598246910167514, 0.7917479780478467, 0.7680726542557801]",2.7095755679983995,5,1000
105,pareto_auc,xgb_auc_shap_nsgaii,44,auc,fd2c1e6fd34cdaf8f9bb2e1f268bb0c7b381662e8799ef226b4a8008c1615b4c,b34bb52e4defbca328d5c6fe32f419179b041466d6c78e28352f2f7cd19bbe3c,488046d734df0554efea0b6f7d40765b2d8268f91be607f22f6d932c21974084,0.7884256458466459,0.9562252964426876,0.7333333333333333,"[0.7886854261808263, 0.7894731786808185, 0.7886298991135552, 0.7885093717879947, 0.7868303534700353]",10.172924541999237,5,1000
105,pareto_balanced,xgb_auc_shap_nsgaii,61,balanced,fd2c1e6fd34cdaf8f9bb2e1f268bb0c7b381662e8799ef226b4a8008c1615b4c,6bd9a8a570a1433642bba13057bcbc299cf6f08027b3178894ebb02271d4738d,488046d734df0554efea0b6f7d40765b2d8268f91be607f22f6d932c21974084,0.7877839367199025,0.958201581027668,0.7666666666666667,"[0.7874868513528459, 0.7911065884979079, 0.7877746898649546, 0.786485774210498, 0.7860657796733066]",6.163158035997185,5,1000
105,pareto_stability,xgb_auc_shap_nsgaii,57,stability,fd2c1e6fd34cdaf8f9bb2e1f268bb0c7b381662e8799ef226b4a8008c1615b4c,ff7d06bc8cbd3e75576a696dea5ecc64cbc1552d3e1f79372d0043bec702fc74,488046d734df0554efea0b6f7d40765b2d8268f91be607f22f6d932c21974084,0.7772979272496897,0.9748469007309684,0.7333333333333333,"[0.7753833724259457, 0.7825826426605919, 0.7782598870800193, 0.7765206736586228, 0.7737430604232689]",0.894678363998537,5,1000
105,tpe_best,xgb_auc_tpe,50,auc_best_tpe,fd2c1e6fd34cdaf8f9bb2e1f268bb0c7b381662e8799ef226b4a8008c1615b4c,bf8120395f6baae6074145244a6c04a55490fc3b9514463506c71373c0c44ad8,488046d734df0554efea0b6f7d40765b2d8268f91be607f22f6d932c21974084,0.7882367054653535,0.9276679841897234,0.8,"[0.7887661087221944, 0.7910171241833294, 0.7874760453654432, 0.7872659795375041, 0.7866582695182966]",7.551169047001167,5,1000
105,xgb_default,baseline,-1,default,fd2c1e6fd34cdaf8f9bb2e1f268bb0c7b381662e8799ef226b4a8008c1615b4c,ce44e08a5ab02261c30b6a43f19ee9052462e787c55cc7103f46e40543f8cbc8,488046d734df0554efea0b6f7d40765b2d8268f91be607f22f6d932c21974084,0.7748018025534588,0.8456521739130434,0.8,"[0.7749350903466083, 0.7780430147717659, 0.7745395828739858, 0.7711704396244484, 0.775320885150485]",2.973400662995118,5,1000
106,pareto_auc,xgb_auc_shap_nsgaii,44,auc,fd2c1e6fd34cdaf8f9bb2e1f268bb0c7b381662e8799ef226b4a8008c1615b4c,b34bb52e4defbca328d5c6fe32f419179b041466d6c78e28352f2f7cd19bbe3c,54420f6243e5e81db500673fbb903d0514c5bacdd12545f101b58a5316dfd605,0.7873618587109373,0.95,0.6523809523809524,"[0.7871125282697629, 0.7877824129074502, 0.783318469667701, 0.7915820644370071, 0.7870138182727652]",9.924852461997943,5,1000
106,pareto_balanced,xgb_auc_shap_nsgaii,61,balanced,fd2c1e6fd34cdaf8f9bb2e1f268bb0c7b381662e8799ef226b4a8008c1615b4c,6bd9a8a570a1433642bba13057bcbc299cf6f08027b3178894ebb02271d4738d,54420f6243e5e81db500673fbb903d0514c5bacdd12545f101b58a5316dfd605,0.7868350447654324,0.9562252964426878,0.6761904761904762,"[0.7860379959883763, 0.7853200860284457, 0.7826402806435583, 0.7923370399256708, 0.7878398212411107]",5.499204487998213,5,1000
106,pareto_stability,xgb_auc_shap_nsgaii,57,stability,fd2c1e6fd34cdaf8f9bb2e1f268bb0c7b381662e8799ef226b4a8008c1615b4c,ff7d06bc8cbd3e75576a696dea5ecc64cbc1552d3e1f79372d0043bec702fc74,54420f6243e5e81db500673fbb903d0514c5bacdd12545f101b58a5316dfd605,0.7764286577195108,0.966537476095137,0.8666666666666666,"[0.7803500140371156, 0.7694864117153246, 0.7719208901964527, 0.7826121713127963, 0.777773801335865]",0.8593218579990207,5,1000
106,tpe_best,xgb_auc_tpe,50,auc_best_tpe,fd2c1e6fd34cdaf8f9bb2e1f268bb0c7b381662e8799ef226b4a8008c1615b4c,bf8120395f6baae6074145244a6c04a55490fc3b9514463506c71373c0c44ad8,54420f6243e5e81db500673fbb903d0514c5bacdd12545f101b58a5316dfd605,0.7879034844312882,0.94100790513834,0.6761904761904762,"[0.7877736311342403, 0.7881450726979886, 0.7839006756111928, 0.7917880167043468, 0.7879100260086724]",5.240805269997509,5,1000
106,xgb_default,baseline,-1,default,fd2c1e6fd34cdaf8f9bb2e1f268bb0c7b381662e8799ef226b4a8008c1615b4c,ce44e08a5ab02261c30b6a43f19ee9052462e787c55cc7103f46e40543f8cbc8,54420f6243e5e81db500673fbb903d0514c5bacdd12545f101b58a5316dfd605,0.7751586612801982,0.850790513833992,0.7333333333333333,"[0.7714089339723171, 0.778989799695986, 0.769646365422397, 0.7831322624912381, 0.7726159448190527]",3.1753298210023786,5,1000
107,pareto_auc,xgb_auc_shap_nsgaii,44,auc,fd2c1e6fd34cdaf8f9bb2e1f268bb0c7b381662e8799ef226b4a8008c1615b4c,b34bb52e4defbca328d5c6fe32f419179b041466d6c78e28352f2f7cd19bbe3c,edb52316e716c0ec2d758f473888791127b44d2b90f959d9b3a412d28ad4237f,0.7883021069166796,0.9504940711462452,0.8666666666666666,"[0.7781573150387043, 0.7850271315627632, 0.7965907358227504, 0.7968726518424911, 0.7848627003166893]",11.776565067004412,5,1000
107,pareto_balanced,xgb_auc_shap_nsgaii,61,balanced,fd2c1e6fd34cdaf8f9bb2e1f268bb0c7b381662e8799ef226b4a8008c1615b4c,6bd9a8a570a1433642bba13057bcbc299cf6f08027b3178894ebb02271d4738d,edb52316e716c0ec2d758f473888791127b44d2b90f959d9b3a412d28ad4237f,0.7879651371640151,0.9560276679841898,0.6761904761904762,"[0.777454910397098, 0.7854330141433201, 0.7959262586672721, 0.7963516008332429, 0.7846599017791422]",5.663774902001023,5,1000
107,pareto_stability,xgb_auc_shap_nsgaii,57,stability,fd2c1e6fd34cdaf8f9bb2e1f268bb0c7b381662e8799ef226b4a8008c1615b4c,ff7d06bc8cbd3e75576a696dea5ecc64cbc1552d3e1f79372d0043bec702fc74,edb52316e716c0ec2d758f473888791127b44d2b90f959d9b3a412d28ad4237f,0.7774466942636418,0.9749296905292512,1.0,"[0.7644071164196931, 0.7771365711182299, 0.7864761759024329, 0.7818452664983946, 0.7773683413794579]",0.8285229749963037,5,1000
107,tpe_best,xgb_auc_tpe,50,auc_best_tpe,fd2c1e6fd34cdaf8f9bb2e1f268bb0c7b381662e8799ef226b4a8008c1615b4c,bf8120395f6baae6074145244a6c04a55490fc3b9514463506c71373c0c44ad8,edb52316e716c0ec2d758f473888791127b44d2b90f959d9b3a412d28ad4237f,0.7883350676810491,0.9297430830039526,0.7666666666666666,"[0.7794345141799566, 0.7852911336198937, 0.7970371942664644, 0.7952689116834993, 0.7846435846554317]",5.982806298001378,5,1000
107,xgb_default,baseline,-1,default,fd2c1e6fd34cdaf8f9bb2e1f268bb0c7b381662e8799ef226b4a8008c1615b4c,ce44e08a5ab02261c30b6a43f19ee9052462e787c55cc7103f46e40543f8cbc8,edb52316e716c0ec2d758f473888791127b44d2b90f959d9b3a412d28ad4237f,0.7750056840233907,0.8365612648221346,0.8,"[0.7671172539614717, 0.7699717419003922, 0.7833635817156072, 0.7810812411764125, 0.7734946013630695]",3.211614248000842,5,1000
108,pareto_auc,xgb_auc_shap_nsgaii,44,auc,fd2c1e6fd34cdaf8f9bb2e1f268bb0c7b381662e8799ef226b4a8008c1615b4c,b34bb52e4defbca328d5c6fe32f419179b041466d6c78e28352f2f7cd19bbe3c,053641614291d3ed9a96706454bf38d777f86d1cbd7e4907f231bc2ef2ee414a,0.7874838759696321,0.9448616600790514,0.8,"[0.7940836096161515, 0.7802908742831535, 0.7908172164029051, 0.7793161123232404, 0.7929115672227104]",9.57213670299825,5,1000
108,pareto_balanced,xgb_auc_shap_nsgaii,61,balanced,fd2c1e6fd34cdaf8f9bb2e1f268bb0c7b381662e8799ef226b4a8008c1615b4c,6bd9a8a570a1433642bba13057bcbc299cf6f08027b3178894ebb02271d4738d,053641614291d3ed9a96706454bf38d777f86d1cbd7e4907f231bc2ef2ee414a,0.7867236553180454,0.9616600790513836,0.7333333333333334,"[0.7932600439472864, 0.7802833274468008, 0.7898916652680562, 0.7794567960957373, 0.7907264438323465]",5.327587578998646,5,1000
108,pareto_stability,xgb_auc_shap_nsgaii,57,stability,fd2c1e6fd34cdaf8f9bb2e1f268bb0c7b381662e8799ef226b4a8008c1615b4c,ff7d06bc8cbd3e75576a696dea5ecc64cbc1552d3e1f79372d0043bec702fc74,053641614291d3ed9a96706454bf38d777f86d1cbd7e4907f231bc2ef2ee414a,0.777155841286891,0.9741802465092556,0.8666666666666666,"[0.7815277321537216, 0.7725142024599394, 0.7790248722328078, 0.7699018175356152, 0.7828105820523705]",0.8174017010023817,5,1000
108,tpe_best,xgb_auc_tpe,50,auc_best_tpe,fd2c1e6fd34cdaf8f9bb2e1f268bb0c7b381662e8799ef226b4a8008c1615b4c,bf8120395f6baae6074145244a6c04a55490fc3b9514463506c71373c0c44ad8,053641614291d3ed9a96706454bf38d777f86d1cbd7e4907f231bc2ef2ee414a,0.7876434649695611,0.9170948616600793,0.7333333333333334,"[0.7939897544149679, 0.7794830883630254, 0.7910239913823647, 0.780104956127505, 0.7936155345599424]",5.977534199999354,5,1000
108,xgb_default,baseline,-1,default,fd2c1e6fd34cdaf8f9bb2e1f268bb0c7b381662e8799ef226b4a8008c1615b4c,ce44e08a5ab02261c30b6a43f19ee9052462e787c55cc7103f46e40543f8cbc8,053641614291d3ed9a96706454bf38d777f86d1cbd7e4907f231bc2ef2ee414a,0.7738857525633096,0.8426877470355733,0.7333333333333334,"[0.7792771283382058, 0.762873873703282, 0.7774724144626208, 0.7643338390270497, 0.7854715072853901]",2.9276278979959898,5,1000
109,pareto_auc,xgb_auc_shap_nsgaii,44,auc,fd2c1e6fd34cdaf8f9bb2e1f268bb0c7b381662e8799ef226b4a8008c1615b4c,b34bb52e4defbca328d5c6fe32f419179b041466d6c78e28352f2f7cd19bbe3c,13930a617a9e8dae95a50d6aa24cb19ff023094b87d2ea6632c834f9fbc86735,0.7883543167402619,0.9369565217391304,0.7666666666666667,"[0.7811948480629741, 0.7790302781818765, 0.8013336711937771, 0.7866512764652778, 0.7935615097974045]",9.950890158994298,5,1000
109,pareto_balanced,xgb_auc_shap_nsgaii,61,balanced,fd2c1e6fd34cdaf8f9bb2e1f268bb0c7b381662e8799ef226b4a8008c1615b4c,6bd9a8a570a1433642bba13057bcbc299cf6f08027b3178894ebb02271d4738d,13930a617a9e8dae95a50d6aa24cb19ff023094b87d2ea6632c834f9fbc86735,0.7876120074892785,0.9511857707509884,0.6857142857142857,"[0.7799729466499045, 0.7761335279593821, 0.8016054404307061, 0.786363190104638, 0.7939849323017619]",4.993580740003381,5,1000
109,pareto_stability,xgb_auc_shap_nsgaii,57,stability,fd2c1e6fd34cdaf8f9bb2e1f268bb0c7b381662e8799ef226b4a8008c1615b4c,ff7d06bc8cbd3e75576a696dea5ecc64cbc1552d3e1f79372d0043bec702fc74,13930a617a9e8dae95a50d6aa24cb19ff023094b87d2ea6632c834f9fbc86735,0.7771715782924767,0.9730295557940878,1.0,"[0.7716234013399339, 0.7642598845032165, 0.7906074248123394, 0.7760928633562925, 0.7832743174506016]",0.8973334050024278,5,1000
109,tpe_best,xgb_auc_tpe,50,auc_best_tpe,fd2c1e6fd34cdaf8f9bb2e1f268bb0c7b381662e8799ef226b4a8008c1615b4c,bf8120395f6baae6074145244a6c04a55490fc3b9514463506c71373c0c44ad8,13930a617a9e8dae95a50d6aa24cb19ff023094b87d2ea6632c834f9fbc86735,0.7885053586604436,0.9131422924901188,0.8666666666666666,"[0.7795721410319846, 0.7786466244647576, 0.8024086816970686, 0.7883453778387681, 0.7935539682696391]",5.799376957002096,5,1000
109,xgb_default,baseline,-1,default,fd2c1e6fd34cdaf8f9bb2e1f268bb0c7b381662e8799ef226b4a8008c1615b4c,ce44e08a5ab02261c30b6a43f19ee9052462e787c55cc7103f46e40543f8cbc8,13930a617a9e8dae95a50d6aa24cb19ff023094b87d2ea6632c834f9fbc86735,0.7765498230355663,0.8434782608695655,0.8,"[0.771714375021783, 0.7678421618969289, 0.7850194269755237, 0.7769424507387406, 0.7812307005448548]",4.33350321999751,5,1000
110,pareto_auc,xgb_auc_shap_nsgaii,44,auc,fd2c1e6fd34cdaf8f9bb2e1f268bb0c7b381662e8799ef226b4a8008c1615b4c,b34bb52e4defbca328d5c6fe32f419179b041466d6c78e28352f2f7cd19bbe3c,8097b2a76bd99639077d0da11811a78a35c5d42ae77110c8dfd873d37672539c,0.7880066712076598,0.9050395256916998,0.8,"[0.8002662523865154, 0.7917696123752749, 0.7879976448494382, 0.7876418218575961, 0.7723580245694748]",9.28543472399906,5,1000
110,pareto_balanced,xgb_auc_shap_nsgaii,61,balanced,fd2c1e6fd34cdaf8f9bb2e1f268bb0c7b381662e8799ef226b4a8008c1615b4c,6bd9a8a570a1433642bba13057bcbc299cf6f08027b3178894ebb02271d4738d,8097b2a76bd99639077d0da11811a78a35c5d42ae77110c8dfd873d37672539c,0.787219850389653,0.9297430830039528,0.6523809523809524,"[0.8010634727357501, 0.7909271110079252, 0.786250615662903, 0.7862947678800025, 0.7715632846616842]",6.14643919000082,5,1000
110,pareto_stability,xgb_auc_shap_nsgaii,57,stability,fd2c1e6fd34cdaf8f9bb2e1f268bb0c7b381662e8799ef226b4a8008c1615b4c,ff7d06bc8cbd3e75576a696dea5ecc64cbc1552d3e1f79372d0043bec702fc74,8097b2a76bd99639077d0da11811a78a35c5d42ae77110c8dfd873d37672539c,0.7764994903007947,0.96864555077369,0.7666666666666667,"[0.7875819414908872, 0.7795825693876717, 0.778086843297474, 0.7774588397126431, 0.7597872576152975]",1.0625180849965543,5,1000
110,tpe_best,xgb_auc_tpe,50,auc_best_tpe,fd2c1e6fd34cdaf8f9bb2e1f268bb0c7b381662e8799ef226b4a8008c1615b4c,bf8120395f6baae6074145244a6c04a55490fc3b9514463506c71373c0c44ad8,8097b2a76bd99639077d0da11811a78a35c5d42ae77110c8dfd873d37672539c,0.7875104614477084,0.8798418972332016,0.8,"[0.8005319010261228, 0.7903012724514952, 0.7872854503910076, 0.7865954691598135, 0.7728382142101031]",6.527003026996681,5,1000
110,xgb_default,baseline,-1,default,fd2c1e6fd34cdaf8f9bb2e1f268bb0c7b381662e8799ef226b4a8008c1615b4c,ce44e08a5ab02261c30b6a43f19ee9052462e787c55cc7103f46e40543f8cbc8,8097b2a76bd99639077d0da11811a78a35c5d42ae77110c8dfd873d37672539c,0.7769378723678779,0.7488142292490119,0.7333333333333333,"[0.7872490574001396, 0.7809869670252649, 0.7781839233276183, 0.7773618968011855, 0.7609075172851816]",2.8505081459952635,5,1000
